{"cameraMode":{"drawMode":0,"name":"Shaded","section":"Shading Mode"},"sceneLighting":true,"audioPlay":false,"sceneViewState":{"m_AlwaysRefresh":false,"showFog":true,"showSkybox":true,"showFlares":true,"showImageEffects":true,"showParticleSystems":true,"showVisualEffectGraphs":true,"m_FxEnabled":true},"in2DMode":false,"pivot":{"x":-18.061084747314454,"y":-5.161268711090088,"z":-0.13411858677864076},"rotation":{"x":0.23630380630493165,"y":0.6018182039260864,"z":-0.19266922771930695,"w":0.7381604313850403},"size":21.133766174316408,"orthographic":false}